building_id,area,architecture,time,pattern,introduction,introduction_details
1_1,外朝中路（礼制核心区）,午门,明永乐十八年（1420），清顺治四年（1647）重修,三交六椀菱花,紫禁城正门，最高等级礼制建筑，窗棂形制匹配帝王正门等级,午门是紫禁城的正门，也是最高等级的礼制建筑。它不仅是皇帝颁布诏书、接受凯旋献俘的场所，更象征着皇权的威严与国家的秩序，是进入皇宫核心区域的必经之门。
1_2,外朝中路（礼制核心区）,太和殿,明永乐十八年（1420），清康熙三十四年（1695）重建,三交六椀菱花,紫禁城核心礼制大殿，故宫窗棂最高等级形制，菱花为水生纹样，暗含防火的文化寓意,太和殿是紫禁城的核心大殿，也是国家举行登基、大婚、册立皇后等最高规格典礼的场所。作为皇帝行使最高权力的象征性空间，这里承载了明清两代最重要的国家祭祀与朝政活动。
1_3,外朝中路（礼制核心区）,中和殿,明永乐十八年（1420），清顺治三年（1646）重修,三交六椀菱花,三大殿之一，皇帝大典前休憩、阅视之所故宫博物院,中和殿位于三大殿之中，是皇帝在太和殿举行大典前的休憩与准备场所。皇帝在此阅视祭文、接受执事官员行礼，也是连接外朝宏大仪式与具体政务处理的过渡空间。
1_4,外朝中路（礼制核心区）,保和殿,明永乐十八年（1420），明嘉靖重修,三交六椀菱花,三大殿之一，清代殿试举办地故宫博物院,保和殿是三大殿之一，功能随朝代更迭有所变化。明代主要用于大典前皇帝更衣，清代则成为每年除夕、元宵宴请王公贵族的场所，并是清代科举殿试的举办地，象征文治武功。
1_5,外朝中路（礼制核心区）,协和门,明永乐十八年（1420），明清多次灾后重修,正方格,太和殿东侧礼制通道门，外朝与内廷过渡建筑,协和门是太和殿东侧的礼制通道门，连接外朝与内廷区域。作为皇宫内部交通的重要节点，它不仅是日常通行的路径，也体现了外朝宏大建筑群与内廷生活区的过渡与分隔。
1_6,外朝中路（礼制核心区）,乾清门,明永乐十八年（1420），清顺治十二年（1655）重修,正方格,内廷正门，清代御门听政之所,乾清门是内廷的正门，也是区分外朝与内廷的界限。清代皇帝常在此举行“御门听政”，处理日常政务，同时也是连接皇帝寝宫与朝堂的重要枢纽。
1_7,外朝中路（礼制核心区）,熙和门,明永乐十八年（1420），清顺治十二年（1655）重修,正方格,太和殿西侧礼制通道门，外朝与内廷过渡建筑,熙和门是太和殿西侧的礼制通道门，与东侧的协和门遥相呼应。它作为外朝与内廷过渡的建筑，主要承担着皇宫内部人员往来与礼仪通行的功能，体现了建筑布局的对称性。
1_8,外朝中路（礼制核心区）,体仁阁,清乾隆三十七年（1772）,"一马三箭,斜方格",太和殿东侧的礼制配阁，与西侧弘义阁遥相呼应,体仁阁位于太和殿东侧，与西侧的弘义阁遥相呼应。作为外朝的礼制配阁，它主要用于存放皇帝大婚时的册宝及科举殿试的档案，是太和殿广场的重要附属建筑。
1_9,外朝中路（礼制核心区）,弘义阁,明永乐十八年（1420）,"一马三箭,斜方格",太和殿西侧的礼制配阁，与东侧体仁阁遥相呼应,弘义阁位于太和殿西侧，与东侧的体仁阁遥相呼应。作为外朝的礼制配阁，它主要用于存放皇家档案与宝物，是太和殿广场的重要附属建筑，体现了严格的对称美学。
2_1,外朝两翼,文华殿,明永乐十八年（1420），清康熙二十二年（1683）重建,三交六椀菱花,外朝东路核心建筑，明清帝王经筵之所，太子曾摄事于此故宫博物院,文华殿是外朝东路的核心建筑，主要作为明清帝王举行“经筵”典礼的场所，即由儒臣为皇帝讲授经史。此外，明代太子也曾在此摄事，是皇家推崇文教、培养储君的重要文化空间。
2_2,外朝两翼,武英殿,明永乐十八年（1420），清顺治年间重修,三交六椀菱花,外朝西路核心建筑，明末李自成曾在此称帝，清代为皇家刻书之所,武英殿是外朝西路的核心建筑，历史上曾是明末李自成称帝的短暂场所。清代将其改为皇家刻书机构，专门负责校刊典籍，是宫廷文化出版与学术整理的中心。
2_3,外朝两翼,文渊阁,清乾隆四十一年（1776年）,三交六椀菱花,内廷藏书阁，存放《四库全书》,文渊阁是明清两代皇家藏书阁，专为存放《四库全书》而建。其建筑形制仿照宁波天一阁，黑色琉璃瓦顶寓意“以水克火”，是内廷最重要的文化典籍收藏与修纂中心。
3_1,内廷后三宫,乾清宫,明永乐十八年（1420），清嘉庆二年（1797）重建,三交六椀菱花,内廷正殿，明清皇帝寝宫 / 日常理政之所，窗棂为内廷最高等级,乾清宫是内廷的正殿，明清时期是皇帝的寝宫，也是日常召见臣僚、批阅奏章的理政之所。作为皇帝在后宫的居所，它集居住与办公功能于一体，是内廷最核心的权力空间。
3_2,内廷后三宫,交泰殿,明嘉靖年间始建，清嘉庆二年（1797）重建,三交六椀菱花,后三宫之中，皇后大典、接受朝贺之所，存放二十五宝玺故宫博物院,交泰殿位于后三宫的中心位置，主要功能是皇后在重大节日接受朝贺的场所。此外，殿内还存放着象征皇权的二十五宝玺，是皇后地位与国家印信管理的重要空间。
3_3,内廷后三宫,坤宁宫,明永乐十八年（1420），清顺治十二年（1655）重修,"双交四椀菱花,一马三箭",皇后正宫，清代改为萨满祭祀场所，保留满族关外窗纸糊在外的形制故宫博物院,坤宁宫是内廷后三宫的末端，作为皇后的正宫，主要用于象征性礼仪。清代将其改建为满族萨满教祭祀场所，保留了关外习俗，是帝后大婚时的洞房及日常祭神的专用建筑。
3_4,内廷后三宫,养心殿,明嘉靖十六年（1537），清雍正年间大规模重修,"轱辘钱,步步锦,三交六椀菱花,玻璃心屉,正方格",清代雍正后皇帝日常理政与寝宫，集政务、居住、祭祀功能于一体,养心殿始建于明嘉靖年间，自清雍正皇帝起成为主要的理政与寝宫。这里集政务处理、日常居住、宗教祭祀于一体，是清代中后期皇帝实际生活时间最长、政治活动最频繁的中心。
3_5,内廷后三宫,斋宫,清雍正九年（1731）,步步锦,东六宫之南，清代皇帝祭天祀地前进行斋戒的场所,故宫斋宫位于东六宫之南，是皇帝祭天祀地前斋戒的场所。始建于清雍正九年，采用“前朝后寝”布局，前殿悬乾隆御笔“敬天”匾，内有精美蟠龙藻井；后殿为诚肃殿。
3_6,内廷后三宫,坤宁门,明永乐十八年（1420），清顺治十二年（1655）重修,"步步锦,斜方格,正方格",内廷后三宫通往御花园的北门，连接后三宫与御花园的重要通道,坤宁门是内廷后三宫区域的北门，也是连接乾清宫、交泰殿、坤宁宫与御花园的枢纽。它不仅是日常通行的路径，也是划分内廷居住区与皇家园林区的界限。
4_1,内廷东六宫（妃嫔居所）,景仁宫,明永乐十八年（1420），明清多次修缮,"三交六椀菱花,正方格,步步锦",东六宫之首，康熙皇帝出生地，光绪珍妃曾居于此,景仁宫是东六宫之首，历史上曾是康熙皇帝的出生地，也是光绪帝珍妃的居所。作为妃嫔居住的高等级院落，它见证了多位重要皇室成员的生活轨迹与历史变迁。
4_2,内廷东六宫（妃嫔居所）,钟粹宫,明永乐十八年（1420），明嘉靖十四年更名，清多次修缮,"冰裂纹,步步锦,玻璃心屉,正方格,万字纹",明清妃嫔居所，咸丰皇帝幼年曾居于此,钟粹宫是明清两代妃嫔的居所，建筑格局严谨。历史上咸丰皇帝幼年时期曾在此居住，是后宫女性成员日常生活与休憩的典型院落，体现了内廷居住区的规制。
4_3,内廷东六宫（妃嫔居所）,承乾宫,明永乐十八年（1420），明清多次修缮,"双交四椀菱花,步步锦,正方格,一马三箭",明清贵妃居所，顺治董鄂妃曾居于此,承乾宫是明清时期贵妃的居所，顺治帝的宠妃董鄂妃曾长期居住于此。作为内廷东西六宫的重要组成部分，这里是等级较高的妃嫔生活空间，承载了后宫的日常起居功能。
4_4,内廷东六宫（妃嫔居所）,景阳宫,明永乐十八年（1420），清康熙二十五年（1686）重修,"双交四椀菱花,正方格,斜方格,拐子纹,套方式",清代皇家藏书之所，东六宫最北侧建筑,景阳宫位于东六宫最北侧，历史上曾作为皇家藏书之所。与其它妃嫔居所不同，它更多承担了文化储藏的功能，是紫禁城内廷中一处具有浓厚书卷气息的建筑。
4_5,内廷东六宫（妃嫔居所）,永和宫,明永乐十八年（1420），清康熙二十五年（1686）重修,"步步锦,万字纹,玻璃心屉",明清妃嫔居所，光绪隆裕皇后曾居于此,永和宫是明清妃嫔的居所之一，光绪帝的隆裕皇后曾在此居住。作为东西六宫的组成部分，它按照标准的四合院格局建造，是后宫嫔妃日常生活与休憩的典型空间。
4_6,内廷东六宫（妃嫔居所）,延禧宫,明永乐十八年（1420），清宣统元年（1909）改建灵沼轩,"双交四椀菱花,步步锦",明清妃嫔居所，清末火毁后改建为西洋水殿，为故宫唯一西洋式建筑,延禧宫是明清妃嫔的居所，但在清末遭遇火灾焚毁。后改建为西洋风格的水殿“灵沼轩”，虽未完工，却成为故宫内唯一的西洋式建筑，见证了晚清宫廷建筑风格的变迁。
5_1,内廷西六宫（妃嫔居所）,翊坤宫,明永乐十八年（1420），明嘉靖十四年更名，清多次修缮,"步步锦,万字纹,玻璃心屉",明清妃嫔居所，慈禧太后曾居于此，清末与储秀宫打通形成四进院,翊坤宫是明清妃嫔的居所，慈禧太后在晋升为太后前曾长期居住于此。清末为方便通行，曾将其与储秀宫打通，形成规模宏大的四进院落，是西六宫中保存较为完整的建筑之一。
5_2,内廷西六宫（妃嫔居所）,储秀宫,明永乐十八年（1420），清顺治十二年（1655）重修,步步锦,慈禧太后长期居所，同治皇帝出生于此,储秀宫是明清妃嫔的居所，慈禧太后在生下同治皇帝后长期居住于此。作为她生活时间最长的宫殿，这里见证了慈禧从妃嫔到太后的权力上升过程，内部陈设极为奢华。
5_3,内廷西六宫（妃嫔居所）,永寿宫,明永乐十八年（1420），清顺治十二年（1655）重修,"双交四椀菱花,一马三箭 ",明清妃嫔居所，曾作为乾隆孝贤皇后居所、慈禧太后六十大寿贺礼处所,永寿宫是明清妃嫔的居所，曾作为乾隆帝孝贤皇后的居所，后来也成为慈禧太后六十大寿接受贺礼的场所。它位于西六宫核心区域，是后宫举行庆典与居住的重要空间。
5_4,内廷西六宫（妃嫔居所）,长春宫,明永乐十八年（1420），清康熙二十二年（1683）重修,"步步锦,万字纹,玻璃心屉,",明清妃嫔居所，慈禧太后、乾隆孝贤皇后曾居于此,长春宫是明清妃嫔的居所，历史上慈禧太后和乾隆帝的孝贤皇后都曾居住于此。殿内保留了精美的苏式彩画，是西六宫中具有代表性的后妃生活院落。
5_5,内廷西六宫（妃嫔居所）,咸福宫,明永乐十八年（1420），清康熙二十二年（1683）重修,"双交四椀菱花,步步锦,斜方格",明清妃嫔居所，乾隆皇帝、嘉庆皇帝曾居于此,咸福宫是明清妃嫔的居所，历史上曾作为乾隆皇帝和嘉庆皇帝在潜邸时期的居所。它不仅供后妃居住，也曾是皇子皇孙接受教育与生活的重要场所。
5_6,内廷西六宫（妃嫔居所）,启祥宫,明永乐十八年（1420），明嘉靖十四年更名，清多次修缮,"步步锦,万字纹,玻璃心屉",明清妃嫔居所，清末与长春宫打通，慈禧太后曾居于此,启祥宫是明清妃嫔的居所，清末与长春宫打通相连。历史上慈禧太后也曾短暂居住于此，是西六宫中布局灵活、功能随时代变迁而调整的典型妃嫔居住院落。
6_1,太后 / 太妃宫区,慈宁宫,明嘉靖十五年（1536），万历年间重建，清顺治十年（1653）重修,双交四椀菱花,太皇太后、皇太后居所，孝庄文皇后曾居于此故宫博物院,慈宁宫是明清两代太皇太后、皇太后的居所，孝庄文皇后曾长期居住于此。作为太后宫区的核心建筑，这里是举办皇太后寿辰庆典及日常礼佛的重要场所。
6_2,太后 / 太妃宫区,寿康宫,清雍正十三年（1735）始建，乾隆元年（1736）建成,"三交六椀菱花,一马三箭",皇太后居所，乾隆生母孝圣宪皇后（甄嬛原型）长期居所,寿康宫是清代皇太后的居所，乾隆皇帝的生母孝圣宪皇后长期居住于此。作为太后养老的主殿，这里设施完备，是清代宫廷奉行孝道与尊养长辈的象征性建筑。
6_3,太后 / 太妃宫区,寿安宫,明永乐十八年（1420），清乾隆十六年（1751）改建,"双交四椀菱花,步步锦",太妃、太嫔居所，乾隆为母亲孝圣宪皇后六十大寿改建,寿安宫是明清太妃、太嫔的居所，乾隆皇帝为庆祝母亲孝圣宪皇后六十大寿曾对其进行大规模改建。这里不仅是长辈养老之地，也是宫廷举办祝寿庆典与演剧的场所。
6_4,太后 / 太妃宫区,临溪亭,明万历十一年（1583）始建，清多次修缮,斜方格,御花园内临水建筑，皇家赏花观鱼之所,临溪亭位于故宫慈宁宫花园中部，初名临溪馆。亭子坐落于矩形水池的单孔石桥上，东西临水，南北设阶。它是皇太后、太妃们赏花观鱼、游憩休憩的绝佳场所，亭内天花绘有蟠龙藻井，寓意“玉堂富贵”。
7_1,宁寿宫区（乾隆太上皇宫殿区）,皇极殿,清康熙二十八年（1689）始建，乾隆三十七年（1772）重建,三交六椀菱花,宁寿宫区正殿，乾隆归政后举办典礼之所，仿太和殿形制建造,皇极殿是宁寿宫区的正殿，仿照太和殿形制建造，主要用于乾隆皇帝归政后举办万寿节等大型典礼。作为太上皇宫殿区的核心，它象征着退位皇帝依然享有的尊崇地位。
7_2,宁寿宫区（乾隆太上皇宫殿区）,宁寿宫,清康熙二十八年（1689）始建，乾隆三十七年（1772）重建,"双交四椀菱花,一马三箭,步步锦",仿坤宁宫形制，清代萨满祭祀之所，乾隆归政后寝宫故宫博物院,宁寿宫位于宁寿宫区，仿照坤宁宫形制建造，是清代萨满教祭祀的专用场所。同时，它也是乾隆皇帝退位后作为太上皇的寝宫，兼具宗教祭祀与生活居住双重功能。
7_3,宁寿宫区（乾隆太上皇宫殿区）,倦勤斋,清乾隆三十七年（1772）始建，乾隆四十一年（1776）建成,步步锦,乾隆太上皇休憩之所，故宫内装饰最奢华的建筑之一,倦勤斋是乾隆皇帝作为太上皇休憩的场所，位于宁寿宫花园最北端。这里以精美的竹丝镶嵌、双面绣和通景画装饰闻名，是故宫内装修最为奢华、最具文人意趣的建筑之一。
7_4,宁寿宫区（乾隆太上皇宫殿区）,萃赏楼,清乾隆三十七年（1772）始建,步步锦,宁寿宫花园（乾隆花园）核心建筑，乾隆藏书赏玩之所故宫博物院,萃赏楼位于宁寿宫花园内，是乾隆皇帝藏书赏玩之所。作为太上皇宫殿区的园林建筑，它主要用于收藏珍籍、鉴赏文物，体现了乾隆皇帝高雅的艺术品味与休闲生活方式。
7_5,宁寿宫区（乾隆太上皇宫殿区）,符望阁,清乾隆三十七年（1772）始建，乾隆四十一年（1776）建成,双交四椀菱花,宁寿宫花园最高大建筑，室内装修以漆纱、掐丝珐琅为特色，俗称 “迷楼”,符望阁是宁寿宫花园中最高的建筑，因其复杂的室内装修布局被称为“迷楼”。它主要用于收藏珍宝与休憩赏景，是乾隆皇帝晚年寄托归隐情怀、享受园林之乐的重要场所。
7_6,宁寿宫区（乾隆太上皇宫殿区）,阅是楼,清乾隆三十七年（1772）始建，清光绪十七年（1891）重修,"步步锦,玻璃心屉",宁寿宫区畅音阁对面，皇家观戏楼故宫博物院故宫博物院,阅是楼位于宁寿宫区，正对畅音阁大戏台。它是皇室成员观看戏曲演出的观戏楼，主要用于举办大型宫廷戏剧演出，是清代宫廷娱乐生活的重要组成部分。
7_7,宁寿宫区（乾隆太上皇宫殿区）,养性殿,清乾隆三十七年（1772）,"正方格,玻璃心屉",宁寿宫区寝宫，仿养心殿形制建造,养性殿位于宁寿宫区，是乾隆皇帝作为太上皇日常理政与起居的寝宫。其建筑形制完全仿照内廷的养心殿，旨在让太上皇在退位后仍能享受熟悉的政治与生活环境。
8_1,御花园及园林建筑,万春亭,明嘉靖十五年（1536）始建，清多次修缮,三交六椀菱花,御花园内对称建造的标志性建筑,万春亭位于御花园内，与千秋亭对称建造，是御花园的标志性景观建筑。作为皇帝后妃休憩赏景的亭阁，它不仅造型优美，也寓意着长寿与吉祥。
8_2,御花园及园林建筑,千秋亭,明嘉靖十五年（1536）始建，清多次修缮,三交六椀菱花,御花园内对称建造的标志性建筑，与万春亭造型完全一致，仅彩画有细微差别,千秋亭位于御花园内，与万春亭造型一致，仅彩画细节略有不同。它是皇家后妃在节日庆典时登临赏景、祈求福祉的场所，体现了御花园建筑的对称之美。
8_3,御花园及园林建筑,绛雪轩,明永乐十八年（1420），清多次修缮,万字纹,御花园东侧建筑，乾隆御题 “绛雪轩”，为皇家赏景休憩之所,绛雪轩位于御花园东侧，是乾隆皇帝御题的休憩建筑。作为皇家园林中的点景建筑，它主要用于帝后赏花观景，轩前曾植名贵海棠，落花似雪而得名。
8_4,御花园及园林建筑,钦安殿,明嘉靖十四年（1535年）,"三交六椀菱花,斜方格",御花园核心建筑，供奉道教玄天上帝,钦安殿位于御花园正中，是专为供奉道教玄天上帝而建的皇家道场。作为紫禁城内唯一保存下来的明代道教建筑，它不仅是皇室祈福禳灾的场所，也镇守着宫城的北方水位。
8_5,御花园及园林建筑,养性斋,明永乐十八年（1420），清嘉庆十九年（1814）改建,"冰裂纹,步步锦",御花园西侧建筑，清末溥仪英文老师庄士敦曾居于此,养性斋位于御花园西侧，是一座精巧的两层楼阁。清末溥仪的英文老师庄士敦曾居住于此，是宫廷中西文化交流的一个见证，也是帝后赏景休憩的雅致空间。
8_6,御花园及园林建筑,延晖阁,明永乐十八年（1420）,灯笼框,御花园西北隅的休憩楼阁，清代选秀女时的阅选场所,延晖阁位于御花园西北隅，是一座清幽的休憩楼阁。清代曾作为选秀女时的阅选场所，也是帝后登高远眺、欣赏园景的佳处，环境清雅宜人。
8_7,御花园及园林建筑,位育斋,"明永乐十八年始建,清雍正年间改名",步步锦,御花园西北部的书斋式建筑，清代曾作为皇帝或皇子读书休憩之所,位育斋位于御花园西北区域，其名称“位育”取自《中庸》“致中和，天地位焉，万物育焉”。该建筑主要用于皇帝或皇室成员在园林中读书、静思与休憩，是御花园中一处具有文人雅趣的空间。
8_8,御花园及园林建筑,神武门,明永乐十八年（1420），清顺治四年（1647）重修,三交六椀菱花,紫禁城北门，皇家日常出入及选秀女的通道,神武门是紫禁城的北门，最初称为玄武门，后因避讳改名。它不仅是皇帝后妃日常出入宫廷的北门，也是清代选秀女时秀女们排队等候的场所。
